Div,Date,Time,HomeTeam,AwayTeam,FTHG,FTAG,FTR,HTHG,HTAG,HTR,Referee,HS,AS,HST,AST,HF,AF,HC,AC,HY,AY,HR,AR
E0,05/08/2022,20:00,Crystal Palace,Arsenal,0,2,A,0,1,A,A Taylor,10,10,2,2,16,11,3,5,1,2,0,0
E0,06/08/2022,12:30,Fulham,Liverpool,2,2,D,1,0,H,A Madley,9,11,3,4,7,9,4,4,2,0,0,0
E0,06/08/2022,15:00,Bournemouth,Aston Villa,2,0,H,1,0,H,P Bankes,7,15,3,2,18,16,5,5,3,3,0,0
E0,06/08/2022,15:00,Leeds,Wolves,2,1,H,1,1,D,R Jones,12,15,4,6,13,9,6,4,2,0,0,0
E0,06/08/2022,15:00,Newcastle,Nottingham,2,0,H,0,0,D,S Hooper,23,5,10,0,9,14,11,1,0,3,0,0
E0,06/08/2022,15:00,Tottenham,Southampton,4,1,H,2,1,H,A Marriner,18,10,8,2,11,6,10,2,3,0,0,0
E0,06/08/2022,17:30,Everton,Chelsea,0,1,A,0,1,A,C Pawson,8,15,4,6,14,11,4,16,3,2,0,0
E0,07/08/2022,14:00,Leicester,Brentford,2,2,D,1,0,H,J Gillett,14,8,5,3,6,5,5,6,0,0,0,0
E0,07/08/2022,14:00,Man United,Brighton,1,2,A,0,2,A,P Tierney,17,15,5,4,7,12,6,2,4,1,0,0
E0,07/08/2022,16:30,West Ham,Man City,0,2,A,0,1,A,M Oliver,6,14,1,2,8,4,1,4,0,1,0,0
E0,13/08/2022,12:30,Aston Villa,Everton,2,1,H,1,0,H,M Oliver,12,15,4,4,9,7,5,8,4,1,0,0
E0,13/08/2022,15:00,Arsenal,Leicester,4,2,H,2,0,H,D England,19,6,7,2,15,9,6,2,1,1,0,0
E0,13/08/2022,15:00,Brighton,Newcastle,0,0,D,0,0,D,G Scott,13,4,7,1,8,6,7,3,2,3,0,0
E0,13/08/2022,15:00,Man City,Bournemouth,4,0,H,3,0,H,D Coote,19,3,7,1,9,9,11,1,0,3,0,0
E0,13/08/2022,15:00,Southampton,Leeds,2,2,D,0,0,D,T Harrington,14,13,4,5,10,12,2,5,1,3,0,0
E0,13/08/2022,15:00,Wolves,Fulham,0,0,D,0,0,D,J Brooks,7,9,1,3,7,14,5,3,3,3,0,0
E0,13/08/2022,17:30,Brentford,Man United,4,0,H,4,0,H,S Attwell,13,15,7,4,6,15,8,2,0,4,0,0
E0,14/08/2022,14:00,Nottingham,West Ham,1,0,H,1,0,H,R Jones,13,19,6,5,10,11,6,7,4,1,0,0
E0,14/08/2022,16:30,Chelsea,Tottenham,2,2,D,1,0,H,A Taylor,16,10,3,5,9,9,8,5,3,0,0,0
E0,15/08/2022,20:00,Liverpool,Crystal Palace,1,1,D,0,1,A,P Tierney,24,7,4,3,7,8,4,2,2,4,1,0
E0,20/08/2022,12:30,Tottenham,Wolves,1,0,H,0,0,D,S Hooper,11,20,4,3,10,8,8,6,2,2,0,0
E0,20/08/2022,15:00,Crystal Palace,Aston Villa,3,1,H,1,1,D,A Madley,17,13,9,5,16,14,4,2,2,1,0,0
E0,20/08/2022,15:00,Everton,Nottingham,1,1,D,0,0,D,A Marriner,19,14,8,5,6,9,6,2,3,2,0,0
E0,20/08/2022,15:00,Fulham,Brentford,3,2,H,2,1,H,P Bankes,18,13,9,5,13,7,6,3,3,2,0,0
E0,20/08/2022,15:00,Leicester,Southampton,1,2,A,0,0,D,M Salisbury,6,9,1,3,11,15,2,5,2,3,0,0
E0,20/08/2022,17:30,Bournemouth,Arsenal,0,3,A,0,2,A,C Pawson,6,14,1,6,12,10,3,4,2,1,0,0
E0,21/08/2022,14:00,Leeds,Chelsea,3,0,H,2,0,H,S Attwell,12,14,6,3,16,15,4,6,0,1,0,1
E0,21/08/2022,14:00,West Ham,Brighton,0,2,A,0,1,A,A Taylor,13,11,3,2,10,7,5,4,2,0,0,0
E0,21/08/2022,16:30,Newcastle,Man City,3,3,D,2,1,H,J Gillett,12,21,6,10,14,7,5,5,4,2,0,0
E0,22/08/2022,20:00,Man United,Liverpool,2,1,H,1,0,H,M Oliver,12,17,4,5,11,7,6,8,3,1,0,0
E0,27/08/2022,12:30,Southampton,Man United,0,1,A,0,0,D,A Madley,17,11,5,6,4,14,5,3,0,3,0,0
E0,27/08/2022,15:00,Brentford,Everton,1,1,D,0,1,A,J Brooks,19,14,5,7,8,8,8,5,2,2,0,0
E0,27/08/2022,15:00,Brighton,Leeds,1,0,H,0,0,D,M Salisbury,13,10,4,2,10,14,5,3,2,3,0,0
E0,27/08/2022,15:00,Chelsea,Leicester,2,1,H,0,0,D,P Tierney,7,17,3,5,10,7,3,11,1,2,1,0
E0,27/08/2022,15:00,Liverpool,Bournemouth,9,0,H,5,0,H,S Attwell,19,5,12,2,6,5,8,1,0,1,0,0
E0,27/08/2022,15:00,Man City,Crystal Palace,4,2,H,0,2,A,D England,18,2,5,2,14,8,6,1,1,2,0,0
E0,27/08/2022,17:30,Arsenal,Fulham,2,1,H,0,0,D,J Gillett,22,11,8,3,6,12,9,2,2,3,0,0
E0,28/08/2022,14:00,Aston Villa,West Ham,0,1,A,0,0,D,D Coote,9,7,3,2,10,10,3,2,2,0,0,0
E0,28/08/2022,14:00,Wolves,Newcastle,1,1,D,1,0,H,P Bankes,10,21,4,6,10,11,4,13,2,1,0,0
E0,28/08/2022,16:30,Nottingham,Tottenham,0,2,A,0,1,A,C Pawson,17,18,1,7,11,13,6,1,6,1,0,0
E0,30/08/2022,19:30,Crystal Palace,Brentford,1,1,D,0,0,D,S Hooper,13,9,4,3,11,8,4,6,1,2,0,0
E0,30/08/2022,19:30,Fulham,Brighton,2,1,H,0,0,D,T Bramall,10,7,3,4,9,11,3,3,2,1,0,0
E0,30/08/2022,19:45,Southampton,Chelsea,2,1,H,2,1,H,M Oliver,9,10,7,4,15,10,5,3,2,1,0,0
E0,30/08/2022,20:00,Leeds,Everton,1,1,D,0,1,A,D England,14,7,5,2,10,9,10,2,3,3,0,0
E0,31/08/2022,19:30,Arsenal,Aston Villa,2,1,H,1,0,H,R Jones,22,4,9,3,10,14,10,3,2,3,0,0
E0,31/08/2022,19:30,Bournemouth,Wolves,0,0,D,0,0,D,A Taylor,5,17,2,4,12,12,2,5,2,1,0,0
E0,31/08/2022,19:30,Man City,Nottingham,6,0,H,3,0,H,P Tierney,17,8,9,1,9,7,10,1,0,1,0,0
E0,31/08/2022,19:45,West Ham,Tottenham,1,1,D,0,1,A,P Bankes,14,13,4,4,10,9,3,4,2,5,0,0
E0,31/08/2022,20:00,Liverpool,Newcastle,2,1,H,0,1,A,A Marriner,23,5,6,2,9,10,13,0,0,2,0,0
E0,01/09/2022,20:00,Leicester,Man United,0,1,A,0,1,A,C Pawson,10,9,2,2,7,15,1,3,1,3,0,0
E0,03/09/2022,12:30,Everton,Liverpool,0,0,D,0,0,D,A Taylor,14,23,3,8,7,11,7,9,2,2,0,0
E0,03/09/2022,15:00,Brentford,Leeds,5,2,H,2,1,H,R Jones,14,17,8,6,8,9,2,6,2,2,0,0
E0,03/09/2022,15:00,Chelsea,West Ham,2,1,H,0,0,D,A Madley,8,6,3,3,6,11,10,3,4,2,0,0
E0,03/09/2022,15:00,Newcastle,Crystal Palace,0,0,D,0,0,D,M Salisbury,23,19,6,9,19,12,13,5,2,1,0,0
E0,03/09/2022,15:00,Nottingham,Bournemouth,2,3,A,2,0,H,M Oliver,11,8,3,3,13,10,4,6,2,1,0,0
E0,03/09/2022,15:00,Tottenham,Fulham,2,1,H,1,0,H,S Attwell,23,9,10,3,9,6,10,3,3,4,0,0
E0,03/09/2022,15:00,Wolves,Southampton,1,0,H,1,0,H,J Brooks,7,12,2,1,10,14,5,6,4,2,0,0
E0,03/09/2022,17:30,Aston Villa,Man City,1,1,D,0,0,D,S Hooper,3,13,1,4,7,6,1,4,2,0,0,0
E0,04/09/2022,14:00,Brighton,Leicester,5,2,H,2,2,D,T Harrington,23,6,11,4,6,8,10,1,1,1,0,0
E0,04/09/2022,16:30,Man United,Arsenal,3,1,H,1,0,H,P Tierney,10,16,6,3,13,9,2,5,3,3,0,0
E0,16/09/2022,20:00,Aston Villa,Southampton,1,0,H,1,0,H,T Harrington,11,7,3,1,13,13,6,3,3,1,0,0
E0,16/09/2022,20:00,Nottingham,Fulham,2,3,A,1,0,H,J Gillett,11,15,3,7,11,10,2,10,2,4,0,0
E0,17/09/2022,12:30,Wolves,Man City,0,3,A,0,2,A,A Taylor,6,16,1,7,7,9,5,7,2,1,1,0
E0,17/09/2022,15:00,Newcastle,Bournemouth,1,1,D,0,0,D,C Pawson,20,10,7,3,10,11,8,1,2,2,0,0
E0,17/09/2022,17:30,Tottenham,Leicester,6,2,H,2,2,D,S Hooper,16,19,11,7,9,9,6,1,1,2,0,0
E0,18/09/2022,12:00,Brentford,Arsenal,0,3,A,0,2,A,D Coote,5,13,2,7,10,10,3,3,0,2,0,0
E0,18/09/2022,14:15,Everton,West Ham,1,0,H,0,0,D,M Oliver,7,14,2,4,8,11,5,14,3,1,0,0
E0,01/10/2022,12:30,Arsenal,Tottenham,3,1,H,1,1,D,A Taylor,22,7,9,3,10,10,5,2,2,1,0,1
E0,01/10/2022,15:00,Bournemouth,Brentford,0,0,D,0,0,D,T Bramall,7,13,1,4,11,10,7,8,1,2,0,0
E0,01/10/2022,15:00,Crystal Palace,Chelsea,1,2,A,1,1,D,C Kavanagh,7,13,3,3,11,13,5,2,1,3,0,0
E0,01/10/2022,15:00,Fulham,Newcastle,1,4,A,0,3,A,D England,3,19,1,10,9,10,1,8,2,0,1,0
E0,01/10/2022,15:00,Liverpool,Brighton,3,3,D,1,2,A,A Madley,15,6,7,6,9,13,9,2,1,1,0,0
E0,01/10/2022,15:00,Southampton,Everton,1,2,A,0,0,D,A Marriner,22,12,6,5,11,10,7,6,2,2,0,0
E0,01/10/2022,17:30,West Ham,Wolves,2,0,H,1,0,H,P Tierney,18,15,5,4,8,6,1,6,2,2,0,0
E0,02/10/2022,14:00,Man City,Man United,6,3,H,4,0,H,M Oliver,22,12,10,8,3,9,5,1,0,3,0,0
E0,02/10/2022,16:30,Leeds,Aston Villa,0,0,D,0,0,D,S Attwell,9,19,1,7,23,12,2,9,3,2,1,0
E0,03/10/2022,20:00,Leicester,Nottingham,4,0,H,3,0,H,R Jones,17,10,7,3,13,12,6,6,2,4,0,0
E0,08/10/2022,15:00,Bournemouth,Leicester,2,1,H,0,1,A,M Salisbury,10,9,4,5,8,16,7,2,1,2,0,0
E0,08/10/2022,15:00,Chelsea,Wolves,3,0,H,1,0,H,S Hooper,20,8,7,2,8,8,4,2,2,0,0,0
E0,08/10/2022,15:00,Man City,Southampton,4,0,H,2,0,H,A Madley,21,5,8,0,4,8,9,1,0,1,0,0
E0,08/10/2022,15:00,Newcastle,Brentford,5,1,H,2,0,H,J Brooks,16,6,6,3,14,9,9,5,0,1,0,0
E0,08/10/2022,17:30,Brighton,Tottenham,0,1,A,0,1,A,T Harrington,14,8,4,3,9,14,6,2,1,2,0,0
E0,09/10/2022,14:00,Crystal Palace,Leeds,2,1,H,1,1,D,P Tierney,13,10,5,4,13,23,5,3,3,3,0,0
E0,09/10/2022,14:00,West Ham,Fulham,3,1,H,1,1,D,C Kavanagh,17,8,8,2,9,7,4,2,1,3,0,0
E0,09/10/2022,16:30,Arsenal,Liverpool,3,2,H,2,1,H,M Oliver,11,8,7,3,11,11,4,3,1,2,0,0
E0,09/10/2022,19:00,Everton,Man United,1,2,A,1,2,A,D Coote,11,12,2,4,7,13,5,4,2,1,0,0
E0,10/10/2022,20:00,Nottingham,Aston Villa,1,1,D,1,1,D,A Taylor,6,12,3,2,13,19,1,4,3,3,0,0
E0,14/10/2022,20:00,Brentford,Brighton,2,0,H,1,0,H,M Salisbury,7,21,3,7,12,15,2,11,3,1,0,0
E0,15/10/2022,12:30,Leicester,Crystal Palace,0,0,D,0,0,D,A Madley,14,8,5,1,18,13,9,2,2,2,0,0
E0,15/10/2022,15:00,Fulham,Bournemouth,2,2,D,1,2,A,G Scott,19,10,4,6,9,11,5,6,2,0,0,0
E0,15/10/2022,15:00,Wolves,Nottingham,1,0,H,0,0,D,T Bramall,9,10,2,2,17,13,4,5,2,2,0,0
E0,15/10/2022,17:30,Tottenham,Everton,2,0,H,0,0,D,P Tierney,21,4,7,0,12,13,7,1,1,4,0,0
E0,16/10/2022,14:00,Aston Villa,Chelsea,0,2,A,0,1,A,R Jones,18,8,7,4,12,11,7,1,0,3,0,0
E0,16/10/2022,14:00,Leeds,Arsenal,0,1,A,0,1,A,C Kavanagh,16,9,4,4,10,11,6,3,0,2,0,0
E0,16/10/2022,14:00,Man United,Newcastle,0,0,D,0,0,D,C Pawson,15,9,2,2,13,11,4,4,3,1,0,0
E0,16/10/2022,14:00,Southampton,West Ham,1,1,D,1,0,H,P Bankes,10,25,8,4,7,3,4,14,1,1,0,0
E0,16/10/2022,16:30,Liverpool,Man City,1,0,H,0,0,D,A Taylor,13,16,2,6,10,7,5,6,3,1,0,0
E0,18/10/2022,19:30,Brighton,Nottingham,0,0,D,0,0,D,D England,19,3,7,0,10,14,9,1,3,1,0,0
E0,18/10/2022,20:15,Crystal Palace,Wolves,2,1,H,0,1,A,D Coote,14,10,4,4,14,18,4,3,3,1,0,0
E0,19/10/2022,19:30,Bournemouth,Southampton,0,1,A,0,1,A,J Brooks,15,9,3,3,8,13,7,3,1,3,0,0
E0,19/10/2022,19:30,Brentford,Chelsea,0,0,D,0,0,D,J Gillett,8,14,5,5,7,7,6,2,0,0,0,0
E0,19/10/2022,19:30,Liverpool,West Ham,1,0,H,1,0,H,S Attwell,22,8,7,3,9,8,8,3,0,0,0,0
E0,19/10/2022,19:30,Newcastle,Everton,1,0,H,1,0,H,T Harrington,16,1,4,0,9,12,8,2,2,4,0,0
E0,19/10/2022,20:15,Man United,Tottenham,2,0,H,0,0,D,S Hooper,28,9,10,2,7,7,8,3,1,0,0,0
E0,20/10/2022,19:30,Fulham,Aston Villa,3,0,H,1,0,H,M Oliver,18,12,8,6,11,11,9,7,0,2,0,1
E0,20/10/2022,20:15,Leicester,Leeds,2,0,H,2,0,H,P Bankes,5,14,1,2,15,11,2,9,2,1,0,0
E0,22/10/2022,12:30,Nottingham,Liverpool,1,0,H,0,0,D,P Tierney,10,15,7,7,14,8,2,11,2,1,0,0
E0,22/10/2022,15:00,Everton,Crystal Palace,3,0,H,1,0,H,S Hooper,9,9,6,2,16,14,3,4,3,4,0,0
E0,22/10/2022,15:00,Man City,Brighton,3,1,H,2,0,H,C Pawson,10,8,4,2,11,12,7,3,1,3,0,0
E0,22/10/2022,17:30,Chelsea,Man United,1,1,D,0,0,D,S Attwell,6,13,2,6,8,10,6,4,1,4,0,0
E0,23/10/2022,14:00,Aston Villa,Brentford,4,0,H,3,0,H,D England,19,12,11,3,14,11,7,6,1,0,0,0
E0,23/10/2022,14:00,Leeds,Fulham,2,3,A,1,1,D,A Taylor,14,11,5,5,12,8,3,6,1,1,0,0
E0,23/10/2022,14:00,Southampton,Arsenal,1,1,D,0,1,A,R Jones,10,12,3,3,11,8,9,4,2,1,0,0
E0,23/10/2022,14:00,Wolves,Leicester,0,4,A,0,2,A,M Oliver,21,5,5,4,10,13,9,2,2,1,0,0
E0,23/10/2022,16:30,Tottenham,Newcastle,1,2,A,0,2,A,J Gillett,17,13,5,5,12,6,6,7,4,2,0,0
E0,24/10/2022,20:00,West Ham,Bournemouth,2,0,H,1,0,H,D Coote,20,5,4,3,9,11,5,0,0,2,0,0
E0,29/10/2022,12:30,Leicester,Man City,0,1,A,0,0,D,R Jones,10,15,5,5,5,10,3,10,0,0,0,0
E0,29/10/2022,15:00,Bournemouth,Tottenham,2,3,A,1,0,H,A Taylor,6,23,4,7,10,5,2,19,1,2,0,0
E0,29/10/2022,15:00,Brentford,Wolves,1,1,D,0,0,D,R Madley,12,14,3,4,10,17,3,6,3,3,0,1
E0,29/10/2022,15:00,Brighton,Chelsea,4,1,H,3,0,H,A Madley,19,15,9,7,16,6,8,7,1,2,0,0
E0,29/10/2022,15:00,Crystal Palace,Southampton,1,0,H,1,0,H,M Salisbury,12,14,3,4,13,12,8,4,3,3,0,0
E0,29/10/2022,15:00,Newcastle,Aston Villa,4,0,H,1,0,H,P Tierney,20,3,7,0,11,11,3,0,1,1,0,0
E0,29/10/2022,17:30,Fulham,Everton,0,0,D,0,0,D,J Brooks,24,9,6,4,10,8,13,4,2,1,0,0
E0,29/10/2022,19:45,Liverpool,Leeds,1,2,A,1,1,D,M Oliver,22,14,10,6,9,3,14,5,0,1,0,0
E0,30/10/2022,14:00,Arsenal,Nottingham,5,0,H,1,0,H,S Hooper,24,5,10,2,9,8,9,4,0,1,0,0
E0,30/10/2022,16:15,Man United,West Ham,1,0,H,1,0,H,C Kavanagh,16,13,3,5,12,10,5,10,1,3,0,0
E0,05/11/2022,15:00,Leeds,Bournemouth,4,3,H,1,2,A,T Harrington,18,9,4,6,16,10,13,3,2,2,0,0
E0,05/11/2022,15:00,Man City,Fulham,2,1,H,1,1,D,D England,16,4,5,2,6,11,9,0,2,4,1,0
E0,05/11/2022,15:00,Nottingham,Brentford,2,2,D,1,1,D,A Marriner,15,6,7,2,10,11,3,3,2,2,0,0
E0,05/11/2022,15:00,Wolves,Brighton,2,3,A,2,2,D,G Scott,8,19,5,8,15,11,4,9,2,0,1,0
E0,05/11/2022,17:30,Everton,Leicester,0,2,A,0,1,A,D Coote,12,22,2,8,9,5,8,3,0,0,0,0
E0,06/11/2022,12:00,Chelsea,Arsenal,0,1,A,0,0,D,M Oliver,5,14,1,2,20,13,4,6,5,2,0,0
E0,06/11/2022,14:00,Aston Villa,Man United,3,1,H,2,1,H,A Taylor,6,8,4,3,6,12,3,5,3,3,0,0
E0,06/11/2022,14:00,Southampton,Newcastle,1,4,A,0,1,A,S Attwell,16,7,5,4,7,10,8,2,1,0,0,0
E0,06/11/2022,14:00,West Ham,Crystal Palace,1,2,A,1,1,D,P Tierney,5,15,2,6,10,7,2,5,1,1,0,0
E0,06/11/2022,16:30,Tottenham,Liverpool,1,2,A,0,2,A,A Madley,14,13,5,6,10,8,5,3,0,0,0,0
E0,12/11/2022,12:30,Man City,Brentford,1,2,A,1,1,D,P Bankes,29,10,6,8,9,7,10,2,2,2,0,0
E0,12/11/2022,15:00,Bournemouth,Everton,3,0,H,2,0,H,C Pawson,16,15,9,3,12,8,3,5,2,0,0,0
E0,12/11/2022,15:00,Liverpool,Southampton,3,1,H,3,1,H,S Hooper,15,9,7,5,8,8,6,0,0,2,0,0
E0,12/11/2022,15:00,Nottingham,Crystal Palace,1,0,H,0,0,D,J Brooks,9,8,2,0,11,13,1,5,1,4,0,0
E0,12/11/2022,15:00,Tottenham,Leeds,4,3,H,1,2,A,M Salisbury,14,12,8,5,8,7,9,2,1,1,0,1
E0,12/11/2022,15:00,West Ham,Leicester,0,2,A,0,1,A,J Gillett,18,9,6,6,9,8,7,2,3,1,0,0
E0,12/11/2022,17:30,Newcastle,Chelsea,1,0,H,0,0,D,R Jones,10,5,3,2,14,11,5,3,3,2,0,0
E0,12/11/2022,19:45,Wolves,Arsenal,0,2,A,0,0,D,S Attwell,11,14,2,4,5,6,6,4,3,2,0,0
E0,13/11/2022,14:00,Brighton,Aston Villa,1,2,A,1,1,D,C Kavanagh,7,8,2,2,14,11,11,4,2,7,0,0
E0,13/11/2022,16:30,Fulham,Man United,1,2,A,0,1,A,P Tierney,14,14,7,9,9,10,10,3,1,1,0,0
E0,26/12/2022,12:30,Brentford,Tottenham,2,2,D,1,0,H,D Coote,9,16,5,8,11,10,6,5,3,1,0,0
E0,26/12/2022,15:00,Crystal Palace,Fulham,0,3,A,0,1,A,A Madley,4,23,0,11,12,15,1,8,0,0,2,0
E0,26/12/2022,15:00,Everton,Wolves,1,2,A,1,1,D,C Pawson,12,7,6,4,9,22,2,2,1,6,0,0
E0,26/12/2022,15:00,Leicester,Newcastle,0,3,A,0,3,A,J Gillett,8,12,2,5,9,6,5,5,0,0,0,0
E0,26/12/2022,15:00,Southampton,Brighton,1,3,A,0,2,A,R Jones,14,7,4,4,9,10,4,2,1,2,0,0
E0,26/12/2022,17:30,Aston Villa,Liverpool,1,3,A,0,2,A,P Tierney,12,16,6,9,7,12,0,6,0,0,0,0
E0,26/12/2022,20:00,Arsenal,West Ham,3,1,H,0,1,A,M Oliver,16,8,5,4,13,17,7,5,0,2,0,0
E0,27/12/2022,17:30,Chelsea,Bournemouth,2,0,H,2,0,H,S Hooper,15,9,5,4,8,10,6,8,0,0,0,0
E0,27/12/2022,20:00,Man United,Nottingham,3,0,H,2,0,H,A Taylor,17,8,8,3,13,4,9,9,3,1,0,0
E0,28/12/2022,20:00,Leeds,Man City,1,3,A,0,1,A,S Attwell,9,26,1,9,11,14,3,5,3,3,0,0
E0,30/12/2022,19:45,West Ham,Brentford,0,2,A,0,2,A,D England,20,9,5,6,9,5,8,1,1,0,0,0
E0,30/12/2022,20:00,Liverpool,Leicester,2,1,H,2,1,H,C Pawson,21,7,5,2,8,15,4,5,0,1,0,0
E0,31/12/2022,12:30,Wolves,Man United,0,1,A,0,0,D,R Jones,10,16,3,6,11,11,7,5,1,3,0,0
E0,31/12/2022,15:00,Bournemouth,Crystal Palace,0,2,A,0,2,A,A Marriner,6,15,2,6,17,11,2,7,4,1,0,0
E0,31/12/2022,15:00,Fulham,Southampton,2,1,H,1,0,H,G Scott,8,9,2,3,8,13,4,4,0,1,0,0
E0,31/12/2022,15:00,Man City,Everton,1,1,D,1,0,H,A Madley,16,2,3,1,13,14,7,1,3,4,0,0
E0,31/12/2022,15:00,Newcastle,Leeds,0,0,D,0,0,D,S Hooper,16,8,5,1,13,19,9,3,3,5,0,0
E0,31/12/2022,17:30,Brighton,Arsenal,2,4,A,0,2,A,A Taylor,9,14,5,7,7,11,7,4,3,3,0,0
E0,01/01/2023,14:00,Tottenham,Aston Villa,0,2,A,0,0,D,J Brooks,6,13,2,4,15,10,5,3,4,3,0,0
E0,01/01/2023,16:30,Nottingham,Chelsea,1,1,D,0,1,A,P Bankes,12,7,5,2,16,14,1,2,2,2,0,0
E0,02/01/2023,17:30,Brentford,Liverpool,3,1,H,2,0,H,S Attwell,10,16,7,6,5,8,4,9,1,3,0,0
E0,03/01/2023,19:45,Arsenal,Newcastle,0,0,D,0,0,D,A Madley,17,8,4,1,10,16,5,5,4,4,0,0
E0,03/01/2023,19:45,Everton,Brighton,1,4,A,0,1,A,A Marriner,10,19,4,8,8,10,5,2,3,1,0,0
E0,03/01/2023,19:45,Leicester,Fulham,0,1,A,0,1,A,D Bond,15,11,6,2,12,11,6,3,2,6,0,0
E0,03/01/2023,20:00,Man United,Bournemouth,3,0,H,1,0,H,M Salisbury,18,7,6,4,13,7,6,5,0,3,0,0
E0,04/01/2023,19:30,Southampton,Nottingham,0,1,A,0,1,A,T Bramall,8,11,0,1,14,17,6,2,2,2,0,0
E0,04/01/2023,19:45,Leeds,West Ham,2,2,D,1,1,D,D Coote,14,15,6,2,11,18,8,1,3,1,0,0
E0,04/01/2023,20:00,Aston Villa,Wolves,1,1,D,0,1,A,J Gillett,13,10,4,3,6,12,7,8,1,3,0,0
E0,04/01/2023,20:00,Crystal Palace,Tottenham,0,4,A,0,0,D,M Oliver,19,14,4,6,11,8,10,4,1,2,0,0
E0,05/01/2023,20:00,Chelsea,Man City,0,1,A,0,0,D,P Tierney,8,12,2,3,9,9,3,2,2,0,0,0
E0,12/01/2023,20:00,Fulham,Chelsea,2,1,H,1,0,H,D Coote,8,20,3,10,12,16,5,7,4,3,0,1
E0,13/01/2023,20:00,Aston Villa,Leeds,2,1,H,1,0,H,M Oliver,11,16,5,4,12,8,0,11,2,2,0,0
E0,14/01/2023,12:30,Man United,Man City,2,1,H,0,0,D,S Attwell,8,5,4,1,15,5,1,2,3,0,0,0
E0,14/01/2023,15:00,Brighton,Liverpool,3,0,H,0,0,D,D England,16,6,9,2,8,15,7,1,1,3,0,0
E0,14/01/2023,15:00,Everton,Southampton,1,2,A,1,0,H,J Brooks,12,13,4,5,7,19,6,4,0,3,0,0
E0,14/01/2023,15:00,Nottingham,Leicester,2,0,H,0,0,D,P Tierney,15,6,5,1,11,12,3,5,1,2,0,0
E0,14/01/2023,15:00,Wolves,West Ham,1,0,H,0,0,D,S Hooper,17,16,4,4,10,7,4,3,0,2,0,0
E0,14/01/2023,17:30,Brentford,Bournemouth,2,0,H,1,0,H,J Gillett,12,7,4,2,5,9,5,3,1,1,0,0
E0,15/01/2023,14:00,Chelsea,Crystal Palace,1,0,H,0,0,D,P Bankes,15,10,5,5,10,17,11,7,2,5,0,0
E0,15/01/2023,14:00,Newcastle,Fulham,1,0,H,0,0,D,R Jones,20,5,5,0,6,14,10,5,1,3,0,0
E0,15/01/2023,16:30,Tottenham,Arsenal,0,2,A,0,2,A,C Pawson,17,14,7,5,16,15,4,3,4,2,0,0
E0,18/01/2023,20:00,Crystal Palace,Man United,1,1,D,0,1,A,R Jones,10,15,5,4,9,10,3,3,1,2,0,0
E0,19/01/2023,20:00,Man City,Tottenham,4,2,H,0,2,A,S Hooper,16,9,6,3,10,14,8,3,1,2,0,0
E0,21/01/2023,12:30,Liverpool,Chelsea,0,0,D,0,0,D,M Oliver,15,11,3,2,16,9,5,5,3,1,0,0
E0,21/01/2023,15:00,Bournemouth,Nottingham,1,1,D,1,0,H,A Madley,16,20,4,5,10,7,4,6,1,2,0,0
E0,21/01/2023,15:00,Leicester,Brighton,2,2,D,1,1,D,T Bramall,9,13,2,4,9,9,5,6,0,1,0,0
E0,21/01/2023,15:00,Southampton,Aston Villa,0,1,A,0,0,D,M Salisbury,8,16,5,5,19,9,2,2,1,2,0,0
E0,21/01/2023,15:00,West Ham,Everton,2,0,H,2,0,H,S Attwell,11,5,4,2,9,6,4,9,1,1,0,0
E0,21/01/2023,17:30,Crystal Palace,Newcastle,0,0,D,0,0,D,C Pawson,6,16,1,7,13,7,3,15,4,2,0,0
E0,22/01/2023,14:00,Leeds,Brentford,0,0,D,0,0,D,P Bankes,9,6,5,0,10,18,2,3,2,2,0,0
E0,22/01/2023,14:00,Man City,Wolves,3,0,H,1,0,H,D Coote,13,10,7,1,10,10,5,7,1,2,0,0
E0,22/01/2023,16:30,Arsenal,Man United,3,2,H,1,1,D,A Taylor,25,6,5,4,8,9,12,4,1,2,0,0
E0,23/01/2023,20:00,Fulham,Tottenham,0,1,A,0,1,A,P Tierney,10,10,5,3,10,10,3,8,1,3,0,0
E0,03/02/2023,20:00,Chelsea,Fulham,0,0,D,0,0,D,S Attwell,12,10,3,4,16,12,6,2,1,4,0,0
E0,04/02/2023,12:30,Everton,Arsenal,1,0,H,0,0,D,D Coote,12,15,4,3,13,8,7,5,4,1,0,0
E0,04/02/2023,15:00,Aston Villa,Leicester,2,4,A,2,3,A,D England,19,9,4,5,10,10,11,3,0,2,0,0
E0,04/02/2023,15:00,Brentford,Southampton,3,0,H,2,0,H,D Bond,14,14,4,6,10,9,4,4,1,2,0,0
E0,04/02/2023,15:00,Brighton,Bournemouth,1,0,H,0,0,D,C Pawson,20,12,6,2,14,7,7,3,3,1,0,0
E0,04/02/2023,15:00,Man United,Crystal Palace,2,1,H,1,0,H,A Marriner,14,10,5,3,9,9,5,5,1,2,1,0
E0,04/02/2023,15:00,Wolves,Liverpool,3,0,H,2,0,H,P Tierney,12,22,6,4,9,7,2,7,1,1,0,0
E0,04/02/2023,17:30,Newcastle,West Ham,1,1,D,1,1,D,P Bankes,8,10,2,1,11,13,4,2,2,1,0,0
E0,05/02/2023,14:00,Nottingham,Leeds,1,0,H,1,0,H,R Jones,6,10,2,4,15,14,0,2,4,2,0,0
E0,05/02/2023,16:30,Tottenham,Man City,1,0,H,1,0,H,A Madley,12,15,3,5,19,14,4,6,2,3,1,0
E0,08/02/2023,20:00,Man United,Leeds,2,2,D,0,1,A,S Hooper,24,8,7,2,7,11,6,5,1,3,0,0
E0,11/02/2023,12:30,West Ham,Chelsea,1,1,D,1,1,D,C Pawson,10,12,2,4,9,11,5,6,1,1,0,0
E0,11/02/2023,15:00,Arsenal,Brentford,1,1,D,0,0,D,P Bankes,23,9,7,2,9,9,7,4,0,2,0,0
E0,11/02/2023,15:00,Crystal Palace,Brighton,1,1,D,0,0,D,M Oliver,6,17,1,7,10,11,1,6,4,1,0,0
E0,11/02/2023,15:00,Fulham,Nottingham,2,0,H,1,0,H,A Madley,16,10,3,1,9,11,5,4,0,1,0,0
E0,11/02/2023,15:00,Leicester,Tottenham,4,1,H,3,1,H,M Salisbury,15,11,7,4,14,9,1,5,5,2,0,0
E0,11/02/2023,15:00,Southampton,Wolves,1,2,A,1,0,H,J Gillett,17,11,2,2,12,14,5,2,2,2,0,1
E0,11/02/2023,17:30,Bournemouth,Newcastle,1,1,D,1,1,D,S Attwell,11,15,5,7,8,10,4,6,2,3,0,0
E0,12/02/2023,14:00,Leeds,Man United,0,2,A,0,0,D,P Tierney,16,11,6,5,10,13,7,3,2,1,0,0
E0,12/02/2023,16:30,Man City,Aston Villa,3,1,H,3,0,H,R Jones,17,6,9,2,13,14,8,4,1,2,0,0
E0,13/02/2023,20:00,Liverpool,Everton,2,0,H,1,0,H,S Hooper,15,6,6,1,8,16,3,3,1,3,0,0
E0,15/02/2023,19:30,Arsenal,Man City,1,3,A,1,1,D,A Taylor,10,9,1,6,11,15,1,3,2,3,0,0
E0,18/02/2023,12:30,Aston Villa,Arsenal,2,4,A,2,1,H,S Hooper,7,20,5,5,13,4,2,9,2,1,0,0
E0,18/02/2023,15:00,Brentford,Crystal Palace,1,1,D,0,0,D,P Tierney,12,10,5,4,10,8,2,6,2,2,0,0
E0,18/02/2023,15:00,Brighton,Fulham,0,1,A,0,0,D,D England,21,5,7,2,12,14,10,2,0,5,0,0
E0,18/02/2023,15:00,Chelsea,Southampton,0,1,A,0,1,A,D Coote,17,8,5,5,16,24,8,2,3,6,0,0
E0,18/02/2023,15:00,Everton,Leeds,1,0,H,0,0,D,A Madley,15,8,6,0,8,6,6,4,2,3,0,0
E0,18/02/2023,15:00,Nottingham,Man City,1,1,D,0,1,A,G Scott,4,26,1,6,8,6,0,10,1,0,0,0
E0,18/02/2023,15:00,Wolves,Bournemouth,0,1,A,0,0,D,M Salisbury,15,5,4,1,12,10,12,2,3,3,0,0
E0,18/02/2023,17:30,Newcastle,Liverpool,0,2,A,0,2,A,A Taylor,14,13,4,7,3,8,6,7,1,1,1,0
E0,19/02/2023,14:00,Man United,Leicester,3,0,H,1,0,H,S Attwell,26,19,8,3,9,9,6,6,0,2,0,0
E0,19/02/2023,16:30,Tottenham,West Ham,2,0,H,0,0,D,M Oliver,16,6,6,1,16,10,4,7,2,1,0,0
E0,24/02/2023,20:00,Fulham,Wolves,1,1,D,0,1,A,M Oliver,10,8,5,2,12,17,4,3,2,0,0,0
E0,25/02/2023,15:00,Everton,Aston Villa,0,2,A,0,0,D,A Taylor,15,9,5,5,12,12,5,1,2,1,0,0
E0,25/02/2023,15:00,Leeds,Southampton,1,0,H,0,0,D,P Bankes,14,8,4,2,15,13,9,2,2,4,0,0
E0,25/02/2023,15:00,Leicester,Arsenal,0,1,A,0,0,D,C Pawson,1,10,0,2,14,9,0,8,0,1,0,0
E0,25/02/2023,15:00,West Ham,Nottingham,4,0,H,0,0,D,J Gillett,18,8,5,3,8,5,12,3,0,0,0,0
E0,25/02/2023,17:30,Bournemouth,Man City,1,4,A,0,3,A,P Tierney,13,20,2,5,10,9,4,6,2,2,0,0
E0,25/02/2023,19:45,Crystal Palace,Liverpool,0,0,D,0,0,D,D England,6,12,0,4,11,14,5,3,2,5,0,0
E0,26/02/2023,13:30,Tottenham,Chelsea,2,0,H,0,0,D,S Attwell,8,10,3,2,10,10,4,4,2,3,0,0
E0,01/03/2023,19:45,Arsenal,Everton,4,0,H,2,0,H,M Oliver,15,8,5,5,5,12,5,1,0,2,0,0
E0,01/03/2023,20:00,Liverpool,Wolves,2,0,H,0,0,D,P Tierney,15,4,6,1,13,14,5,2,2,3,0,0
E0,04/03/2023,12:30,Man City,Newcastle,2,0,H,1,0,H,S Hooper,11,5,3,2,8,13,8,4,2,4,0,0
E0,04/03/2023,15:00,Arsenal,Bournemouth,3,2,H,0,1,A,C Kavanagh,31,4,9,4,6,8,17,1,0,2,0,0
E0,04/03/2023,15:00,Aston Villa,Crystal Palace,1,0,H,1,0,H,C Pawson,8,3,1,0,14,17,2,4,2,3,0,1
E0,04/03/2023,15:00,Brighton,West Ham,4,0,H,1,0,H,S Attwell,20,3,9,2,6,8,7,3,0,3,0,0
E0,04/03/2023,15:00,Chelsea,Leeds,1,0,H,0,0,D,M Oliver,13,11,3,2,10,7,5,7,2,0,0,0
E0,04/03/2023,15:00,Wolves,Tottenham,1,0,H,0,0,D,T Robinson,8,21,5,6,11,18,4,8,1,1,0,0
E0,04/03/2023,17:30,Southampton,Leicester,1,0,H,1,0,H,R Jones,11,11,5,0,12,11,3,4,4,2,0,0
E0,05/03/2023,14:00,Nottingham,Everton,2,2,D,1,2,A,J Brooks,10,10,4,3,11,17,3,3,3,5,0,0
E0,05/03/2023,16:30,Liverpool,Man United,7,0,H,1,0,H,A Madley,18,8,8,4,13,14,4,3,2,3,0,0
E0,06/03/2023,20:00,Brentford,Fulham,3,2,H,1,1,D,A Taylor,14,9,6,5,12,17,2,3,0,3,0,0
E0,11/03/2023,12:30,Bournemouth,Liverpool,1,0,H,1,0,H,J Brooks,5,15,2,6,7,9,3,8,2,1,0,0
E0,11/03/2023,15:00,Everton,Brentford,1,0,H,1,0,H,S Hooper,13,12,6,4,11,12,5,8,2,1,0,0
E0,11/03/2023,15:00,Leeds,Brighton,2,2,D,1,1,D,P Tierney,12,14,4,2,12,9,4,7,1,1,0,0
E0,11/03/2023,15:00,Leicester,Chelsea,1,3,A,1,2,A,A Marriner,17,12,7,6,10,11,2,5,1,2,1,0
E0,11/03/2023,15:00,Tottenham,Nottingham,3,1,H,2,0,H,C Pawson,15,9,7,5,13,13,2,10,3,1,0,0
E0,11/03/2023,17:30,Crystal Palace,Man City,0,1,A,0,0,D,R Jones,4,14,0,4,11,17,2,6,2,2,0,0
E0,12/03/2023,14:00,Fulham,Arsenal,0,3,A,0,3,A,D Coote,12,15,2,7,10,9,4,8,0,1,0,0
E0,12/03/2023,14:00,Man United,Southampton,0,0,D,0,0,D,A Taylor,10,17,4,4,12,9,7,8,2,0,0,0
E0,12/03/2023,14:00,West Ham,Aston Villa,1,1,D,1,1,D,C Kavanagh,17,12,6,4,8,6,13,2,1,0,0,0
E0,12/03/2023,16:30,Newcastle,Wolves,2,1,H,1,0,H,A Madley,19,7,8,4,11,10,10,3,1,2,0,0
E0,15/03/2023,19:30,Brighton,Crystal Palace,1,0,H,1,0,H,P Bankes,11,11,5,3,13,20,1,4,1,2,0,0
E0,15/03/2023,19:30,Southampton,Brentford,0,2,A,0,1,A,M Salisbury,7,11,1,5,14,10,3,3,1,2,0,0
E0,17/03/2023,20:00,Nottingham,Newcastle,1,2,A,1,1,D,P Tierney,5,15,3,4,17,9,3,7,5,1,0,0
E0,18/03/2023,15:00,Aston Villa,Bournemouth,3,0,H,1,0,H,R Jones,20,10,9,3,8,13,9,6,1,4,0,0
E0,18/03/2023,15:00,Brentford,Leicester,1,1,D,1,0,H,D Bond,11,14,2,1,10,11,8,4,1,2,1,0
E0,18/03/2023,15:00,Southampton,Tottenham,3,3,D,0,1,A,S Hooper,19,17,7,3,13,8,10,3,1,1,0,0
E0,18/03/2023,15:00,Wolves,Leeds,2,4,A,0,1,A,M Salisbury,23,11,8,4,15,9,5,4,3,5,1,0
E0,18/03/2023,17:30,Chelsea,Everton,2,2,D,0,0,D,D England,20,12,7,3,8,12,8,2,2,2,0,0
E0,19/03/2023,14:00,Arsenal,Crystal Palace,4,1,H,2,0,H,S Attwell,15,8,5,4,8,10,5,4,0,1,0,0
E0,01/04/2023,12:30,Man City,Liverpool,4,1,H,1,1,D,S Hooper,17,4,8,1,9,12,7,1,1,1,0,0
E0,01/04/2023,15:00,Arsenal,Leeds,4,1,H,1,0,H,D England,13,7,6,5,11,13,4,3,0,2,0,0
E0,01/04/2023,15:00,Bournemouth,Fulham,2,1,H,0,1,A,P Bankes,12,10,7,2,15,13,4,3,1,4,0,0
E0,01/04/2023,15:00,Brighton,Brentford,3,3,D,2,2,D,M Oliver,33,7,15,5,16,10,14,0,2,1,0,0
E0,01/04/2023,15:00,Crystal Palace,Leicester,2,1,H,0,0,D,T Robinson,31,3,9,2,12,16,10,1,3,4,0,0
E0,01/04/2023,15:00,Nottingham,Wolves,1,1,D,1,0,H,C Kavanagh,17,8,7,1,14,13,4,3,3,5,0,0
E0,01/04/2023,17:30,Chelsea,Aston Villa,0,2,A,0,1,A,A Madley,27,5,8,2,14,16,13,2,3,3,0,0
E0,02/04/2023,14:00,West Ham,Southampton,1,0,H,1,0,H,P Tierney,12,9,2,3,10,11,5,3,0,2,0,0
E0,02/04/2023,16:30,Newcastle,Man United,2,0,H,0,0,D,S Attwell,22,6,6,1,8,12,7,4,0,0,0,0
E0,03/04/2023,20:00,Everton,Tottenham,1,1,D,0,0,D,D Coote,15,8,6,2,10,14,3,3,0,3,1,1
E0,04/04/2023,19:45,Bournemouth,Brighton,0,2,A,0,1,A,D Bond,14,16,3,6,11,5,5,5,1,1,0,0
E0,04/04/2023,19:45,Leeds,Nottingham,2,1,H,2,1,H,R Jones,21,13,6,1,11,13,11,4,1,4,0,0
E0,04/04/2023,19:45,Leicester,Aston Villa,1,2,A,1,1,D,G Scott,9,15,4,5,10,14,4,8,2,0,1,0
E0,04/04/2023,20:00,Chelsea,Liverpool,0,0,D,0,0,D,A Taylor,12,7,3,4,6,17,3,5,1,4,0,0
E0,05/04/2023,20:00,Man United,Brentford,1,0,H,1,0,H,J Brooks,18,6,3,1,8,13,12,3,3,2,0,0
E0,05/04/2023,20:00,West Ham,Newcastle,1,5,A,1,2,A,C Pawson,7,15,2,8,11,12,7,6,2,1,0,0
E0,08/04/2023,12:30,Man United,Everton,2,0,H,1,0,H,M Oliver,29,15,11,1,10,9,10,4,0,0,0,0
E0,08/04/2023,15:00,Aston Villa,Nottingham,2,0,H,0,0,D,A Taylor,8,6,3,2,7,17,1,8,3,4,0,0
E0,08/04/2023,15:00,Brentford,Newcastle,1,2,A,1,0,H,C Kavanagh,12,10,6,4,10,15,6,5,0,0,0,0
E0,08/04/2023,15:00,Fulham,West Ham,0,1,A,0,1,A,J Gillett,16,9,3,5,10,12,11,4,1,1,0,0
E0,08/04/2023,15:00,Leicester,Bournemouth,0,1,A,0,1,A,D Coote,14,19,4,7,10,13,6,6,0,3,0,0
E0,08/04/2023,15:00,Tottenham,Brighton,2,1,H,1,1,D,S Attwell,9,17,3,4,15,15,3,7,3,1,0,0
E0,08/04/2023,15:00,Wolves,Chelsea,1,0,H,1,0,H,P Bankes,9,13,4,1,14,10,8,8,2,5,0,0
E0,08/04/2023,17:30,Southampton,Man City,1,4,A,0,1,A,R Jones,4,13,1,8,6,10,0,10,0,2,0,0
E0,09/04/2023,14:00,Leeds,Crystal Palace,1,5,A,1,1,D,S Hooper,11,16,7,8,11,8,2,4,3,1,0,0
E0,09/04/2023,16:30,Liverpool,Arsenal,2,2,D,1,2,A,P Tierney,21,9,6,5,11,11,5,4,4,4,0,0